respondent_id,group,satisfaction,weight
1,A,1,1.0
2,A,2,1.0
3,A,3,1.0
4,A,4,1.0
5,A,5,1.0
6,A,1,1.0
7,A,2,1.0
8,A,3,1.0
9,A,4,1.0
10,A,5,1.0
11,A,1,1.0
12,A,2,1.0
13,A,3,1.0
14,A,4,1.0
15,A,5,1.0
16,A,1,1.0
17,A,2,1.0
18,A,3,1.0
19,A,4,1.0
20,A,5,1.0
21,A,1,1.0
22,A,2,1.0
23,A,3,1.0
24,A,4,1.0
25,A,5,1.0
26,A,1,1.0
27,A,2,1.0
28,A,3,1.0
29,A,4,1.0
30,A,5,1.0
31,B,1,1.0
32,B,2,1.0
33,B,3,1.0
34,B,4,1.0
35,B,5,1.0
36,B,1,1.0
37,B,2,1.0
38,B,3,1.0
39,B,4,1.0
40,B,5,1.0
41,B,1,1.0
42,B,2,1.0
43,B,3,1.0
44,B,4,1.0
45,B,5,1.0
46,B,1,1.0
47,B,2,1.0
48,B,3,1.0
49,B,4,1.0
50,B,5,1.0
51,B,1,1.0
52,B,2,1.0
53,B,3,1.0
54,B,4,1.0
55,B,5,1.0
56,B,1,1.0
57,B,2,1.0
58,B,3,1.0
59,B,4,1.0
60,B,5,1.0
